-1,null,null,hi!,null,hi!
-1,null,null,hi!,null,hi!
-1,null,null,hi!,null,hi!
-1,null,null,hi!,null,hi!
-1,null,null,hi!,null,hi!
-1,null,null,hi!,null,hi!
-1,null,null,hi!,null,hi!
-1,null,null,hi!,null,hi!
-1,null,null,hi!,null,hi!
-1,null,null,hi!,null,hi!
-1,null,null,hi!,null,hi!
-1,null,null,hi!,null,hi!
-1,null,null,hi!,null,hi!
-1,null,null,hi!,null,hi!
-1,null,null,hi!,null,hi!
-1,null,null,hi!,null,hi!
-1,null,null,hi!,null,hi!
-1,null,null,hi!,null,hi!
-1,null,null,hi!,null,hi!
-1,null,null,hi!,null,hi!
-1,null,null,hi!,null,hi!
-1,null,null,hi!,null,hi!
-1,null,null,hi!,null,hi!
-1,null,null,hi!,null,hi!
-1,null,null,hi!,null,hi!
-1,null,null,hi!,null,hi!
-1,null,null,hi!,null,hi!
-1,null,null,hi!,null,hi!
-1,null,null,hi!,null,hi!
-1,null,null,hi!,null,hi!
-1,null,null,hi!,null,hi!
-1,null,null,hi!,null,hi!
-1,null,null,hi!,null,hi!
-1,null,null,hi!,null,hi!
-1,null,null,hi!,null,hi!
-1,null,null,hi!,null,hi!
-1,null,null,hi!,null,hi!
-1,null,null,hi!,null,hi!
-1,null,null,hi!,null,hi!
-1,null,null,hi!,null,hi!
-1,null,null,hi!,null,hi!
-1,null,null,hi!,null,hi!
-1,null,null,hi!,null,hi!
-1,null,null,hi!,null,hi!
-1,null,null,hi!,null,hi!
-1,null,null,hi!,null,hi!
-1,null,null,hi!,null,hi!
-1,null,null,hi!,null,hi!
-1,null,null,hi!,null,hi!
-1,null,null,hi!,null,hi!
-1,null,null,hi!,null,hi!
-1,null,null,hi!,null,hi!
-1,null,null,hi!,null,hi!
-1,null,null,hi!,null,hi!
-1,null,null,hi!,null,hi!
-1,null,null,hi!,null,hi!
-1,null,null,hi!,null,hi!
-1,null,null,hi!,null,hi!
-1,null,null,hi!,null,hi!
-1,null,null,hi!,null,hi!
-1,null,null,hi!,null,hi!
-1,null,null,hi!,null,hi!
-1,null,null,hi!,null,hi!
-1,null,null,hi!,null,hi!
-1,null,null,hi!,null,hi!
-1,null,null,hi!,null,hi!
-1,null,null,hi!,null,hi!
-1,null,null,hi!,null,hi!
-1,null,null,hi!,null,hi!
-1,null,null,hi!,null,hi!
-1,null,null,hi!,null,hi!
-1,null,null,hi!,null,hi!
-1,null,null,hi!,null,hi!
-1,null,null,hi!,null,hi!
-1,null,null,hi!,null,hi!
-1,null,null,hi!,null,hi!
-1,null,null,hi!,null,hi!
-1,null,null,hi!,null,hi!
-1,null,null,hi!,null,hi!
-1,null,null,hi!,null,hi!
